Address,County,latitude,longitude
whatever,"Washington, DC",40.447337,-3.707018
"Montello Ave. and Morse St., NE","Washington, DC",38.903638,-76.989558
"Trinidad Ave., at Childress St., NE","Washington, DC",38.906521,-76.983947
"7th and 9th Sts., to G and H Sts., SW","Washington, DC",38.231603,-85.766942
"Luzon Ave., between Van Buren and 13th Sts., NW","Washington, DC",12.667746,124.019583
"14th St. and Tennessee Ave., NE","Washington, DC",38.89553,-76.985504
"23rd & S Sts., NW","Washington, DC",38.914083,-77.050625
"11th and Monroe Sts., NW","Washington, DC",41.055224,-86.610369
"14th and Taylor Sts., NW","Washington, DC",42.374334,-83.102374
"17th and Gales Sts., NE","Washington, DC",38.898112,-76.97967
"24th St. and Rand Pl., NE","Washington, DC",38.913349,-76.972165
"907 Westminster St., NW","Washington, DC",38.914845,-77.024501
"Missouri Ave., between Madison Ave. & 7th Sts., NW","Washington, DC",37.964253,-91.831833
"Nevada Ave.,Broadbranch Rd.,Chapel Rd.,NW","Washington, DC",38.80261,-116.419389
"Linnean Ave. and Broad Branch Rd., NW","Washington, DC",38.958513,-77.065185
"Chevy Chase Parkway,Chevy Chase Parkway,Oliver St.,NW","Washington, DC",38.961715,-77.071153
"9th and 10th Sts., to F and G Sts., NE","Washington, DC",38.601407,-90.20803
"Woodley Rd. & 29th St., NW","Washington, DC",38.926308,-77.057725
"New Hampshire Ave.,17th St.,T St.,NW","Washington, DC",43.193852,-71.572395
"New Hampshire Ave.,17th St.,S St.,NW","Washington, DC",43.193852,-71.572395
"T and 3rd Streets, NW","Washington, DC",47.040951,-100.791318
"Rhode Island Ave.,14th St.,Brentwood Rd.,NE","Washington, DC",41.580095,-71.477429
"Bladensburg Rd.,28th St.,Douglas St.,NE","Washington, DC",38.939278,-76.933863
"Bladensburg Rd.,30th St.,Douglas St.,NE","Washington, DC",38.939278,-76.933863
"South Dakota Ave., between 20th & Otis Sts., NE","Washington, DC",43.969515,-99.901813
"South Dakota Ave., between Randolph & 19th Sts., NW","Washington, DC",43.969515,-99.901813
"Michigan Ave.,12th St.,Shephe Rd. St.,NE","Washington, DC",42.213976,-83.168516
"New Hampshire Ave.,Sherman Ave.,Park Place,NW","Washington, DC",43.193852,-71.572395
"Mt. Pleasant St.,17th St.,Lamont St.,NW","Washington, DC",32.832322,-79.828426
"Kansas Ave.,13th St.,Quincy St.,NW","Washington, DC",39.011902,-98.484246
"Ogden St.,14th St.,Oak St.,NW","Washington, DC",41.223,-111.97383
"16th and Lamont Sts., NW","Washington, DC",38.930443,-77.036467
"L St., between 9th and 11th Sts., SE","Washington, DC",29.961126,30.905346
"Wisconsin Ave. and R St., NW","Washington, DC",38.907868,-77.063583
"Hobart Pl. and Harvard St., west of Georgia Ave., NW","Washington, DC",42.881903,147.323815
"west of S. Capitol St., between G and K Sts., SW","Washington, DC",38.902599,-77.02862
"Chesapeake St., east of Linnean Ave., NW","Washington, DC",36.768209,-76.287493
"Arkansas Ave.,13th St.,Emerson St.,NW","Washington, DC",35.20105,-91.831833
"Arkansas Ave.,Georgia Ave.,Farragut St.,NW","Washington, DC",35.20105,-91.831833
"Illinois Ave.,9th St.,Ingraham St.,NW","Washington, DC",41.898653,-87.844608
"Illinois Ave.,9th St.,Gallatin St.,NW","Washington, DC",41.898653,-87.844608
"Georgia Ave. and Madison St., NW","Washington, DC",33.659235,-84.439212
"New Hampshire Ave.,3rd St.,Decatur St.,NW","Washington, DC",43.193852,-71.572395
"New Hampshire Ave., between 4th & Buchanan Sts., NW","Washington, DC",43.193852,-71.572395
"Kansas Ave.,5th St.,Farragut St.,NW","Washington, DC",33.892084,-87.52617
"New Hampshire Ave.,7th St.,Taylor St.,NW","Washington, DC",43.193852,-71.572395
"18th St. and Argyle Terr., NW","Washington, DC",38.944801,-77.04127
Park Rd. and 19th St. NW,"Washington, DC",37.71954,-97.38967
"Alaska Ave.,13th St.,Holly St.,NW","Washington, DC",55.124144,-131.572458
"Western Ave and Pinhurst Circle, NW","Washington, DC",38.975614,-77.066752
"Plymouth St. & Parkside Ln., NW","Washington, DC",38.987898,-77.046594
"Plymouth Street at Sudbury Lane, NW","Washington, DC",38.986733,-77.044766
"Kansas Ave., between Underwood and Tuckerman Sts., NW","Washington, DC",39.011902,-98.484246
"Riggs Road & Nicholson St., NE","Washington, DC",38.960731,-76.998884
"Shepherd St. and Michigan Ave., NE","Washington, DC",38.939403,-76.989401
"New Hampshire Ave.,8th St.,Randolph St.,NW","Washington, DC",43.193852,-71.572395
"New Hampshire Ave.,21st St.,M St.,NW","Washington, DC",38.906904,-77.046161
"25th and N Sts., NW","Washington, DC",38.907138,-77.053292
"7th St., south of Alabama Ave., SE","Washington, DC",38.843527,-76.995785
"Kansas Ave., between Gallatin & 4th Sts., NW","Washington, DC",39.011902,-98.484246
"Kansas Ave.,3rd St.,Ingraham St.,NW","Washington, DC",33.888559,-87.522085
"New Hampshire Ave., between Ingraham & 1st Sts., NW","Washington, DC",43.193852,-71.572395
"Kansas Ave., between Longfellow & 2nd Sts., NW","Washington, DC",39.011902,-98.484246
"Reno Rd.,39th St.,Jenifer St.,NW","Washington, DC",39.529633,-119.813803
"Reno Rd.,38th St.,Huntington St. ,NW","Washington, DC",39.529633,-119.813803
"Wisconsin Ave.,42nd St.,Fessenden St.,NW","Washington, DC",43.78444,-88.787868
"37th St. and Idaho Ave., NW","Washington, DC",38.937027,-77.072362
"32nd & Chesapeake Sts., NW","Washington, DC",38.950723,-77.065171
"east of 39th St. and south of Newark St., NW","Washington, DC",38.935699,-77.077194
"Potomac Ave. and 1st St., SE","Washington, DC",38.87195,-77.005977
"13th and Emerson Sts., NE","Washington, DC",42.107353,-102.878358
"New Hampshire Ave., 1st St. and Chillum Pl., NE","Washington, DC",43.193852,-71.572395
"Michigan Ave.,18th St.,Bunker Hill Rd.,NE","Washington, DC",44.314844,-85.602364
"4th St. and Blair Rd., NW","Washington, DC",38.974513,-77.018032
"18th and Perry Sts., NE","Washington, DC",38.936155,-76.979857
"Wisconsin Ave.,39th St. ,Veazy St.,NW","Washington, DC",43.78444,-88.787868
"Connecticut Ave. and McKinley St., NW","Washington, DC",38.964959,-77.07508
"14th St. and Arkansas Ave., NW","Washington, DC",38.943275,-77.032726
"Glenbrook Rd. & Rockwood Pkwy., NW","Washington, DC",38.933546,-77.093435
"Park Rd.,Mt. Pleasant St.,Park Rd.,NW","Washington, DC",40.095051,-79.510871
"1000 Franklin Street, NE","Washington, DC",34.043518,-118.475654
"Georgia Ave. and Euclid St., NW","Washington, DC",38.924085,-77.022401
"14th and Girard Sts., NW","Washington, DC",38.925502,-77.032316
"15th and Girard Sts., NW","Washington, DC",38.925325,-77.035444
"Calvert and 36th Sts., NW","Washington, DC",38.922542,-77.070893
"Potomac and Arizona Aves., NW","Washington, DC",38.925903,-77.107541
"First Street and Florida Avenue, NW","Washington, DC",26.836077,-81.091489
"Foxhall Rd. and Q St., NW","Washington, DC",38.910556,-77.083994
R and Vermont Ave.,"Washington, DC",33.927323,-118.291966
"Rhode Island Ave.,9th St.,Q St.,NW","Washington, DC",38.911406,-77.024214
"Rhode Island Ave. and 11th St., NW","Washington, DC",38.910946,-77.026928
"1301 New Jersey Avenue, NW","Washington, DC",39.122286,-94.643147
"New Jersey Ave., between O and P Sts., NW","Washington, DC",40.502864,-74.452821
"Rhode Island Ave.,6th St.,R St.,NW","Washington, DC",41.580095,-71.477429
"49th and Quarles Sts., NE","Washington, DC",38.908539,-76.931688
"Minnesota Ave.,36th St.,Croffut Pl.,SE","Washington, DC",46.729553,-94.6859
"U and V Sts., to 13th & 14th Sts., NW","Washington, DC",29.490607,-95.061167
"North Carolina Ave.,15th St.,Consitution Ave.,NE","Washington, DC",35.759573,-79.0193
"North Carolina Avenue and A Street, NE","Washington, DC",38.890608,-76.988306
"7th St. and N. Carolina Ave., NE","Washington, DC",38.887387,-76.996161
"4th and G Sts., SW","Washington, DC",34.172075,-86.857257
"P St., between 6th and 7th Sts., NW","Washington, DC",29.863944,31.327435
"New York Ave. and 1st St., NW","Washington, DC",40.645408,-74.130281
10th & French St. NW,"Washington, DC",38.913337,-77.02599
"Delaware Ave., between I and M Sts., SW","Washington, DC",38.910833,-75.52767
"2nd St., between K and I Sts., SE","Washington, DC",29.863944,31.327435
"6th St., between L and M Sts., SE","Washington, DC",33.876339,-117.57603
"Potomac Ave. and K Street, SE","Washington, DC",38.878403,-76.990088
"E St., between 11th and 12th Sts., NE","Washington, DC",29.961126,30.905346
"Tennessee Ave.,14th St.,E St.,NE","Washington, DC",36.177183,-86.745825
"Tennessee Ave.,14th St.,D St.,NE","Washington, DC",36.177183,-86.745825
"14th and Euclid Sts., NW","Washington, DC",33.230876,-92.658384
"Bryant and W Sts., 4th St., NW","Washington, DC",37.779212,-122.39929
"15th & Downing Sts., NE","Washington, DC",38.922018,-76.983805
"South Dakota Ave., Adams and 33rd Sts., NE","Washington, DC",43.969515,-99.901813
"Ft. Lincoln Dr. and 31st Pl., NE","Washington, DC",38.924858,-76.959616
"Potomac Ave.,16th St.,G St.,SE","Washington, DC",38.855419,-77.09221
"Potomac Ave.,17th St.,E St.,SE","Washington, DC",38.882112,-76.980958
"Massachusetts Ave.,17th St.,C St.,SE","Washington, DC",38.885738,-76.98041
"C St., between 14th and 15th Sts. SE","Washington, DC",29.863944,31.327435
"South of South Carolina Avenue and C Street, SE","Washington, DC",34.868046,-82.410582
"13th St., between D and E Sts., SE","Washington, DC",38.902599,-77.02862
"Minnesota Ave., between 22nd & Q Sts., SE","Washington, DC",46.729553,-94.6859
"Alabama Ave., west of 32nd St., SE","Washington, DC",33.50211,-86.90548
"Minnesota Ave.,16th St.,T St.,SE","Washington, DC",44.872585,-93.004189
"Minnesota Avenue and Good Hope Road, SE","Washington, DC",38.866642,-76.984395
"Canal St., between M and N Sts., SW","Washington, DC",29.863944,31.327435
"Texas Ave. and C St., SE","Washington, DC",38.886561,-76.940561
"3030 G St., SE","Washington, DC",47.280821,-122.212581
"Ridge Rd. and Burns St., SE","Washington, DC",38.874897,-76.938805
"3265 S Street, NW","Washington, DC",45.644926,-122.651547
"6th St. and I Sts., SW`","Washington, DC",45.449298,-98.49657
"3rd St. and I Sts., SW","Washington, DC",39.789401,-93.565618
"2500 14th St., NW","Washington, DC",39.749828,-105.00359
"Irving & Georgia Avenue, NW","Washington, DC",38.929041,-77.023229
"Water St., south of M St., SE","Washington, DC",43.249097,-81.149424
"Virginia Ave. and south of M St., SE","Washington, DC",39.61359,-77.779699
"Water & N Sts., east Of 12th st., SE","Washington, DC",40.067156,-80.724553
"New York Ave. and I St., between 10th and 11th Sts., NW","Washington, DC",40.712784,-74.005941
"Potomac Ave SE, 9th Street SE, and M Street SE","Washington, DC",38.876914,-76.993753
"Mt Vernon Pl NW, K St NW, 7th St NW, and 9th St NW","Washington, DC",40.912599,-73.837079
"North Capitol St NW, Lincoln Rd NE, and R St NE","Washington, DC",38.912592,-77.008527
"South Carolina and Pennsylvania Aves., to 7th, 8th and D Sts., SE","Washington, DC",33.836081,-81.163724
"Vermont Ave. & 12th St., north of R St., NW","Washington, DC",38.911829,-77.028273
"Virginia Ave., east side of 6th & D Sts., SW","Washington, DC",29.233175,-81.043131
"New York Ave., between New Jersey Ave. & M Sts., NW","Washington, DC",40.712784,-74.005941
"Vermont Ave. & 11th St., north of S St., NW","Washington, DC",38.914557,-77.026632
"Potomac Ave., between 2nd & R Sts., SW","Washington, DC",39.018165,-77.208591
"Potomac Ave., between Half & Q Sts., SW","Washington, DC",39.018165,-77.208591
"New York Ave., between Florida Ave. & O St., NE","Washington, DC",40.712784,-74.005941
Hayden-Johnson Rec Ctr.,"Washington, DC",38.85031,-76.985368
"Potomac Ave. and E Street, SE","Washington, DC",38.882748,-76.979411
"3000 R St., SE","Washington, DC",47.281537,-122.207873
"45th St., Van Ness and Massachusetts Ave., NW","Washington, DC",38.940655,-77.089643
"South Capitol & 2nd Sts., SE & SW","Washington, DC",38.881617,-77.010407
"4th and I Sts., SW","Washington, DC",34.172075,-86.857257
"Adams Mill and Ontario Rds., NW","Washington, DC",38.92602,-77.044276
"2nd St., between M and L Sts., SE","Washington, DC",29.863944,31.327435
"2nd St., between K and L Sts., SE","Washington, DC",29.863944,31.327435
Davenport and Reno Rd.,"Washington, DC",38.952097,-77.07152
Douglass Rec Ctr. (Ft. Stanton Park to St. Elizabeth Hospital),"Washington, DC",37.519464,-97.012815
"Pennsylvania Ave., east of 8th St., SE","Washington, DC",38.884513,-76.994875
"Pennsylvania Ave., west of 8th and D Sts., SE","Washington, DC",38.884079,-76.99497
"18th St. and Kalorama Rd., NW","Washington, DC",38.919659,-77.041704
1800 Anacostia Drive SE,"Washington, DC",38.869246,-77.000219
"Mississippi Ave., between 1st St. and Southern Ave., SE","Washington, DC",32.354668,-89.398528
"Mississippi Ave., between 1st St. and Southern Ave., SE","Washington, DC",32.354668,-89.398528
100 Block of Xenia St SE,"Washington, DC",38.833199,-77.005286
100 Block of Yuma St SE,"Washington, DC",32.723612,-114.656972
100 Block of Xenia St SE,"Washington, DC",38.833199,-77.005286
13th Street and Mississippi Ave SE,"Washington, DC",38.839815,-76.988508
"Nebraska Ave., between Fessenden and Chesapeake Sts., NW","Washington, DC",41.492537,-99.901813
6th & Gladys St.,"Los Angeles, CA",34.040303,-118.242083
4800 S. Hoover,"Los Angeles, CA",33.999626,-118.287096
Mulholland and Alizondo,"Los Angeles, CA",34.151819,-118.606711
21st and Meyler,"Los Angeles, CA",33.725186,-118.296805
Malvern Avenue & Alvarado Terrace,"Los Angeles, CA",34.044959,-118.281785
2830 Lancaster,"Los Angeles, CA",34.056815,-118.194934
2929 W. 48th St.,"Los Angeles, CA",34.000044,-118.325212
3601 Gaffey St.,"Los Angeles, CA",33.712382,-118.294145
601 Clubview Dr.,"Los Angeles, CA",34.072861,-118.429432
5566 Via Marisol,"Los Angeles, CA",34.104356,-118.186043
5790 Compton Ave.,"Los Angeles, CA",33.990292,-118.247712
1300 Dodson Ave.,"Los Angeles, CA",33.732494,-118.311856
4800 Hollywood Blvd.,"Los Angeles, CA",34.101528,-118.294334
13150 Sesnon Blvd.,"Los Angeles, CA",34.30739,-118.510447
826 Lucile Ave.,"Los Angeles, CA",34.084037,-118.282928
2413 Second Ave.,"Los Angeles, CA",34.034814,-118.31887
Angelo Dr. & Baywood St.,"Los Angeles, CA",34.118041,-118.442868
2599 Beverwil Dr.,"Los Angeles, CA",34.039429,-118.399181
2900 N. Vermont Ave.,"Los Angeles, CA",34.123772,-118.297044
929 Academy Rd.,"Los Angeles, CA",34.0809,-118.237895
Los Feliz Blvd.,"Los Angeles, CA",34.111671,-118.288664
15174 San Fernando Mission Rd.,"Los Angeles, CA",34.272753,-118.462257
13306 Branford St.,"Los Angeles, CA",34.232212,-118.422611
461 Almaden Court,"Los Angeles, CA",34.11831,-118.444175
3200 Canyon Dr.,"Los Angeles, CA",34.127364,-118.311033
Browns Canyon Rd.,"Los Angeles, CA",34.293557,-118.592976
Via Marisol and Arbolada,"Los Angeles, CA",34.096029,-118.184982
Meadow Rd. (East Side of Dodger Stadium),"Los Angeles, CA",34.065335,-118.243891
4900 Beverly Blvd.,"Los Angeles, CA",34.076214,-118.315726
200 Linnie Canal and Venice,"Los Angeles, CA",33.985047,-118.469483
Laurel Canyon Blvd. & Aztec St.,"Los Angeles, CA",34.302376,-118.36957
511 W. Ave. 46,"Los Angeles, CA",34.102008,-118.21116
McCarthy Vista and Wilshire Blvd.,"Los Angeles, CA",34.063398,-118.365233
24220 1/2 Clarington,"Los Angeles, CA",34.207865,-118.652902
Vista Del Valle,"Los Angeles, CA",34.130159,-118.293518
4222 Central Ave.,"Los Angeles, CA",34.006817,-118.256106
5201 Zoo Dr.,"Los Angeles, CA",34.155838,-118.301666
22525 Chase St.,"Los Angeles, CA",34.223146,-118.617937
9301 Valley Circle Blvd.,"Los Angeles, CA",34.239764,-118.629201
22300 Chatsworth St.,"Los Angeles, CA",34.264439,-118.611366
22360 Devonshire St.,"Los Angeles, CA",34.257829,-118.614378
1950 W. 54th St.,"Los Angeles, CA",33.99322,-118.312607
2551 Motor Ave.,"Los Angeles, CA",34.045,-118.407693
4165 Chevy Chase Dr.,"Los Angeles, CA",34.133858,-118.267304
76th St. at Gramercy,"Los Angeles, CA",34.052234,-118.243685
200 N. Main St.,"Los Angeles, CA",34.053138,-118.242524
4800 Cleland Ave.,"Los Angeles, CA",34.112961,-118.212601
7449 Melba Ave.,"Los Angeles, CA",34.205289,-118.634434
12601 Mulholland Dr.,"Los Angeles, CA",34.129519,-118.407816
1000 Hanley Ave.,"Los Angeles, CA",34.076793,-118.489165
4730 Crystal Springs Dr.,"Los Angeles, CA",34.135369,-118.282042
5070 Slauson Ave.,"Los Angeles, CA",33.987543,-118.366438
1287 W. 38th Place,"Los Angeles, CA",34.017345,-118.299902
2630 Pepper Ave.,"Los Angeles, CA",34.089555,-118.225311
Arminta St. and Golden State Fwy.,"Los Angeles, CA",34.230157,-118.352039
1350 N. Cherokee Ave.,"Los Angeles, CA",34.095593,-118.33526
314 Beverly Glen,"Los Angeles, CA",34.084176,-118.43496
17141 Nordhoff St.,"Los Angeles, CA",34.235797,-118.506931
6660 Esplanade Place,"Los Angeles, CA",33.960474,-118.450097
15100 Erwin St.,"Los Angeles, CA",34.182951,-118.462801
14215 West Devonshire St.,"Los Angeles, CA",34.25765,-118.444422
10230 Woodman Ave.,"Los Angeles, CA",34.257482,-118.454235
1772 N. Spring St.,"Los Angeles, CA",34.070972,-118.223929
2500 N. Eastlake Ave.,"Los Angeles, CA",34.07553,-118.207803
1300 E. O St.,"Los Angeles, CA",33.792257,-118.248011
1632 Bellevue Ave.,"Los Angeles, CA",34.06978,-118.260059
11820 Reseda Blvd.,"Los Angeles, CA",34.212338,-118.535531
3300 Cahuenga Blvd.,"Los Angeles, CA",34.131099,-118.350366
4410 Garden Homes Ave.,"Los Angeles, CA",34.097413,-118.168416
835 Academy Rd.,"Los Angeles, CA",34.081139,-118.248069
16821 Burbank Blvd.,"Los Angeles, CA",34.170261,-118.49725
16953 Ventura Blvd.,"Los Angeles, CA",34.159602,-118.502487
4235 Montery Rd.,"Los Angeles, CA",34.091036,-118.193557
Erwin St. and Ethel Ave.,"Los Angeles, CA",34.183045,-118.418152
One block North of Sunset Echo Park,"Los Angeles, CA",34.072625,-118.251504
701 State Drive,"Los Angeles, CA",34.016524,-118.28437
125 Paseo De La Plaza,"Los Angeles, CA",34.056782,-118.238086
9521 Tujunga Canyon Blvd.,"Los Angeles, CA",34.244629,-118.275803
Corner of Gaffey Street and Westmont,"Los Angeles, CA",33.763912,-118.293401
7747 Foothill Blvd.,"Los Angeles, CA",34.257828,-118.30091
Melba Ave. & Cohasset St.,"Los Angeles, CA",34.205961,-118.634422
Ave. 63 & Meridian St.,"Los Angeles, CA",34.120119,-118.178611
2330 S. Genesee,"Los Angeles, CA",34.037664,-118.368389
16953 Ventura Blvd.,"Los Angeles, CA",34.159602,-118.502487
3650 Verdugo Rd.,"Los Angeles, CA",34.116107,-118.233616
2932 Glenhurst,"Los Angeles, CA",34.110604,-118.252766
10726 S. Grape St.,"Los Angeles, CA",33.938135,-118.236901
Figueroa and Marmion Way,"Los Angeles, CA",34.090979,-118.211307
4730 Crystal Springs Dr.,"Los Angeles, CA",34.135369,-118.282042
South Terminus Haines Canyon Ave.,"Los Angeles, CA",34.247564,-118.279452
24901 Frampton Ave.,"Los Angeles, CA",33.79858,-118.299168
825 Capitol Dr.,"Los Angeles, CA",33.758608,-118.295603
890 Lucerne Ave.,"Los Angeles, CA",34.035011,-118.342806
8341 De Longpre Ave.,"Los Angeles, CA",34.09531,-118.3717
Hartland / Woodman,"Los Angeles, CA",34.194815,-118.430868
2230 Norfolk St.,"Los Angeles, CA",34.060855,-118.202569
5566 Via Marisol,"Los Angeles, CA",34.104356,-118.186043
6150 Piedmont Ave.,"Los Angeles, CA",34.113312,-118.187967
On Hillhurst Ave. b/w Los Feliz & Franklin,"Los Angeles, CA",34.122055,-118.293589
415 S. St. Louis St.,"Los Angeles, CA",34.041481,-118.216267
601 Clubview Dr.,"Los Angeles, CA",34.072861,-118.429432
Hoover-Gage Park,"Los Angeles, CA",33.982169,-118.287469
843 S. Bonnie Brae St.,"Los Angeles, CA",34.052876,-118.276612
4800 S. La Brea,"Los Angeles, CA",34.002396,-118.358944
7747 Foothill Blvd.,"Los Angeles, CA",34.257828,-118.30091
12560 Fillmore St.,"Los Angeles, CA",34.281373,-118.406455
2599 Beverwil Dr.,"Los Angeles, CA",34.039429,-118.399181
7100 White Oak,"Los Angeles, CA",34.201078,-118.518584
12467 W. Osborne,"Los Angeles, CA",34.259498,-118.405387
3601 S. Gaffey St.,"Los Angeles, CA",33.712382,-118.294145
4800 South Hoover,"Los Angeles, CA",33.999626,-118.287096
3135 Drew St.,"Los Angeles, CA",34.118641,-118.246059
11435 Kagel Canyon St.,"Los Angeles, CA",34.280566,-118.380553
25820 S. Vermont Ave.,"Los Angeles, CA",33.790987,-118.291623
Lanark St. & Shelby Pl.,"Los Angeles, CA",34.135683,-118.187396
Kittridge & Greenbush,"Los Angeles, CA",34.190315,-118.425794
25000 Kittridge,"Los Angeles, CA",34.190465,-118.662906
4625 West Olympic Blvd,"Los Angeles, CA",34.057294,-118.331494
6300 Balboa Blvd.,"Los Angeles, CA",34.1814,-118.498471
3160 Canyon Dr.,"Los Angeles, CA",34.126658,-118.311536
Lanark St. & Shelby Pl.,"Los Angeles, CA",34.135683,-118.187396
1st St. and Chicago St.,"Los Angeles, CA",34.044381,-118.212526
Latham & 53rd St.,"Los Angeles, CA",33.994839,-118.251429
8260 Mulholland Dr.,"Los Angeles, CA",34.122759,-118.375802
Ingomar & Valley Circle,"Los Angeles, CA",34.211816,-118.646321
4395 Leimert Blvd.,"Los Angeles, CA",34.004291,-118.330673
863 S. Herber Ave.,"Los Angeles, CA",33.751478,-118.29599
5101 Libbit Ave.,"Los Angeles, CA",34.16461,-118.488033
835 Academy Rd.,"Los Angeles, CA",34.081139,-118.248069
3501 Valley Blvd.,"Los Angeles, CA",34.065887,-118.199196
104th Place and Vermont,"Los Angeles, CA",33.941498,-118.29154
10116 Commerce Ave.,"Los Angeles, CA",34.252818,-118.288623
Gaffey St. and 36th St.,"Los Angeles, CA",33.711524,-118.292837
125 Paseo De La Plaza,"Los Angeles, CA",34.056782,-118.238086
7140 Louise Ave.,"Los Angeles, CA",34.200165,-118.509839
23936 Highlander Rd.,"Los Angeles, CA",34.195828,-118.646857
2230 W. 6th St.,"Los Angeles, CA",34.060447,-118.277207
End of Westridge Rd.,"Los Angeles, CA",34.073538,-118.501625
Mascot St. & Pickford St.,"Los Angeles, CA",34.040831,-118.340787
10500 Mason Ave.,"Los Angeles, CA",34.261209,-118.579401
7570 Mcgroarty Terrace,"Los Angeles, CA",34.249857,-118.297756
5250 Mecca Avenue,"Los Angeles, CA",34.166939,-118.537526
Culver Blvd. & Venice Blvd.,"Los Angeles, CA",34.026979,-118.392374
15174 San Fernando Mission Rd.,"Los Angeles, CA",34.272753,-118.462257
911 North Museum Drive,"Los Angeles, CA",34.106995,-118.212711
West of Tampa Ave. and South of Sesnon,"Los Angeles, CA",34.295611,-118.551086
12061 Moorpark St.,"Los Angeles, CA",34.150372,-118.395951
830 W. 70th St.,"Los Angeles, CA",33.976234,-118.287946
3900 W. Chevy Chase Dr.,"Los Angeles, CA",34.133831,-118.272988
8756 Parthenia Place,"Los Angeles, CA",34.229475,-118.465874
17300 Sesnon Blvd.,"Los Angeles, CA",34.307429,-118.510772
851 Alma Real Dr.,"Los Angeles, CA",34.042184,-118.524561
2950 Overland Ave.,"Los Angeles, CA",34.033167,-118.417597
7600 Beverly Blvd.,"Los Angeles, CA",34.07558,-118.354149
4730 Crystal Springs Dr.,"Los Angeles, CA",34.135369,-118.282042
21444 Parthenia St.,"Los Angeles, CA",34.227953,-118.599103
7570 Mcgroarty Terrace,"Los Angeles, CA",34.249857,-118.297756
10731 Laurel Canyon Blvd.,"Los Angeles, CA",34.264653,-118.439068
560 N. Western Ave.,"Los Angeles, CA",33.749472,-118.304549
532 S. Olive St.,"Los Angeles, CA",34.049236,-118.252889
1827 S. Hoover St.,"Los Angeles, CA",34.041115,-118.284334
807 Paseo Del Mar,"Los Angeles, CA",33.706958,-118.293461
Reseda Blvd. & Sesnon Blvd.,"Los Angeles, CA",34.295661,-118.543727
PCH Opposite of Will Rogers State Beach,"Los Angeles, CA",34.052234,-118.243685
Echandia & Judson St.,"Los Angeles, CA",34.05386,-118.216319
7008 Desoto Ave.,"Los Angeles, CA",34.197686,-118.588448
2800 Fowler St.,"Los Angeles, CA",34.056249,-118.192475
510 Leland Ave.,"Los Angeles, CA",33.748466,-118.301054
18411 Victory Blvd.,"Los Angeles, CA",34.187385,-118.533908
2803 Reynier Ave.,"Los Angeles, CA",34.035797,-118.385992
Figueroa & 134 Fwy.,"Los Angeles, CA",34.03619,-118.274875
2700 Budlong Ave.,"Los Angeles, CA",34.030453,-118.295876
10731 Laurel Canyon Blvd.,"Los Angeles, CA",34.264653,-118.439068
Easterly Terminus of Oracle Pl.,"Los Angeles, CA",34.055537,-118.519321
Valley Circle Roscoe Blvd.,"Los Angeles, CA",34.212444,-118.684811
3606 N. Boundary.,"Los Angeles, CA",34.088415,-118.19287
20200 Runnymede St.,"Los Angeles, CA",34.205904,-118.573335
2000 N. Fuller Ave.,"Los Angeles, CA",34.105386,-118.349157
601 Latimer RD.,"Los Angeles, CA",34.039004,-118.514419
5668 Via Marisol,"Los Angeles, CA",34.104007,-118.191562
7000 S. Beacon St.,"Los Angeles, CA",33.736011,-118.280465
17500 Mulholland Dr.,"Los Angeles, CA",34.128811,-118.541742
Palisades Dr. and De Santa Ynez,"Los Angeles, CA",34.0704,-118.561778
2413 Second Ave.,"Los Angeles, CA",34.034814,-118.31887
5707 Lexington Ave.,"Los Angeles, CA",34.093064,-118.313993
6567 Selma Ave. (Corner of Selma and Schrader),"Los Angeles, CA",34.101218,-118.325739
3250 San Marino St.,"Los Angeles, CA",34.054241,-118.301745
8756 Parthenia Place,"Los Angeles, CA",34.229475,-118.465874
20864 Wells Dr.,"Los Angeles, CA",34.15879,-118.588361
22633 Vanowen St.,"Los Angeles, CA",34.194566,-118.61998
2223 W. Jefferson,"Los Angeles, CA",34.02585,-118.319688
7020 Franklin Ave.,"Los Angeles, CA",34.104107,-118.342308
345 E. 51st St.,"Los Angeles, CA",33.996562,-118.268606
Adams Blvd. & Severance St.,"Los Angeles, CA",34.030351,-118.280889
13877 Glenoaks Blvd.,"Los Angeles, CA",34.322981,-118.469408
Strathern and Whitsett,"Los Angeles, CA",34.215726,-118.405252
12541 Saticoy St.,"Los Angeles, CA",34.208488,-118.405608
12505 Moorpark St. at Whitsett Ave.,"Los Angeles, CA",34.150697,-118.405524
Sullivan Canyon,"Los Angeles, CA",34.060842,-118.495081
8133 Vineland Ave.,"Los Angeles, CA",34.218131,-118.37145
4702 N. Figueroa,"Los Angeles, CA",34.102183,-118.203052
13109 Borden Ave.,"Los Angeles, CA",34.308223,-118.445828
23367 Ingomar St.,"Los Angeles, CA",34.211849,-118.637274
15721 Cobalt Avenue,"Los Angeles, CA",34.304254,-118.473622
15900 Pacific Coast Hwy.,"Los Angeles, CA",34.03586,-118.535957
9122-9132 Tobias Avenue,"Los Angeles, CA",34.236053,-118.451612
Oxford Ave. and Marr St.,"Los Angeles, CA",33.987562,-118.457635
24220 1/2 Clarington,"Los Angeles, CA",34.207865,-118.652902
Erwin St. & Ethel Ave.,"Los Angeles, CA",34.183045,-118.418152
12240 Archwood St.,"Los Angeles, CA",34.19202,-118.400257
170 Fwy. and Burbank/Chandler,"Los Angeles, CA",34.16588,-118.363726
8956 Vanalden,"Los Angeles, CA",34.233327,-118.548716
15800 Rinaldi Street,"Los Angeles, CA",34.279101,-118.475968
14201 Huston St.,"Los Angeles, CA",34.159927,-118.442177
1248 W. 47th St.,"Los Angeles, CA",34.000618,-118.297065
11117 Victory Blvd.,"Los Angeles, CA",34.187151,-118.372929
Viking and Nau,"Los Angeles, CA",34.279843,-118.545231
9401 Villa Cabrini Dr.,"Los Angeles, CA",34.214444,-118.338699
Century and Vista Del Mar Blvd.,"Los Angeles, CA",33.955891,-118.447466
5800 Topanga Canyon Blvd.,"Los Angeles, CA",34.176512,-118.603506
4103 W. Washington Blvd.,"Los Angeles, CA",34.040154,-118.328585
1850 N. Curson Ave.,"Los Angeles, CA",34.104922,-118.355026
10844 Acama Dr.,"Los Angeles, CA",34.145753,-118.367128
10800 Valley Heart Dr.,"Los Angeles, CA",34.144029,-118.366668
6731 Wilbur Ave.,"Los Angeles, CA",34.192614,-118.544782
3085 Clyde Ave.,"Los Angeles, CA",34.026374,-118.368591
Paseo Del Mar & Western Ave.,"Los Angeles, CA",33.718873,-118.32013
12240 Archwood St.,"Los Angeles, CA",34.19202,-118.400257
12001 Wilbur Ave.,"Los Angeles, CA",34.289422,-118.557131
607 Paseo Del Mar,"Los Angeles, CA",33.705958,-118.291503
3409 Vinton Ave.,"Los Angeles, CA",34.028106,-118.408333
11240 Moorpark St.,"Los Angeles, CA",34.15036,-118.375536
Woodley Ave. and Victory Blvd.,"Los Angeles, CA",34.18679,-118.452919
6671 Yucca St.,"Los Angeles, CA",34.103366,-118.335042
11690 Zelzah Ave.,"Los Angeles, CA",34.282354,-118.525421
